{
  "best_threshold": 0.5,
  "best_f1": 0.6129458388375165,
  "metrics": {
    "precision": 0.6057441253263708,
    "recall": 0.6203208556149733,
    "f1": 0.6129458388375165,
    "roc_auc": 0.8282920314125826
  }
}