{
  "best_threshold": 0.6000000000000003,
  "best_f1": 0.6618004866180048,
  "metrics": {
    "precision": 0.6071428571428571,
    "recall": 0.7272727272727273,
    "f1": 0.6618004866180048,
    "roc_auc": 0.8423130923130923
  }
}